STATION,AM_ENTERS,AM_EXITS
COURT SQ-23 ST,2791,5542
21 ST,604,2018
GREENPOINT AV,2440,2093
NASSAU AV,2605,1265
METROPOLITAN AV,8417,2457
BROADWAY,4180,1875
FLUSHING AV,2639,3028
MYRTLE-WILLOUGH,6247,1380
BEDFORD-NOSTRAN,3008,497
CLASSON AV,1567,729
CLINTON-WASH AV,3354,203
FULTON ST,1032,728
HOYT-SCHER,1254,2107
BERGEN ST,6602,3242
CARROLL ST,1937,715
SMITH-9 ST,1177,2112
4 AV-9 ST,2427,2738
7 AV,8270,3252
15 ST-PROSPECT,3160,578
FT HAMILTON PKY,6955,372
CHURCH AV,4952,941